Size,Weight,Sweetness,Crunchiness,Juiciness,Ripeness,Acidity,Quality
-0.805783921,-1.743926938,0.454461707,-2.837197281,2.275893805,-0.857040545,1.397096248,1
-1.152419142,0.343117656,-0.534658481,0.601063567,0.632903348,-0.787525499,1.305533314,0
1.651766756,-3.687842515,0.161101604,1.199177788,3.96908912,-2.072350356,1.784271472,1
2.022389328,-0.946769757,-3.11752961,1.636830184,-2.023518024,0.928424754,-2.037169723,0
-0.992408851,-2.061264485,-2.320630863,-0.487001056,3.664945919,3.573763365,-0.171976702,0
-5.499852228,-1.750756276,-0.640523136,0.407010888,-1.606883355,1.974734162,-3.077340152,0
-6.71331515,-0.179870876,4.293285256,-3.404414588,1.265506569,0.372188929,-2.680302067,1
-1.701201299,-0.825931857,1.35033649,-0.464458651,0.995155776,0.867103783,-3.090406634,1
-0.828180669,-1.876501083,-0.02503246,3.5258093,2.631972394,0.684061244,0.374344641,1
3.656656247,-1.500679609,-2.375430743,0.704744686,4.120672127,0.775149346,4.312841326,1
-0.585680875,-1.928853775,-2.954123343,-0.767824892,-0.507520498,4.125721703,-2.36761053,0
3.130466635,-4.4162802,-1.41951158,1.298073435,1.544766829,0.415519295,1.328699376,1
-0.11935875,-1.868233134,2.716261806,1.331909323,0.272557793,2.43465261,2.788116753,1
0.951522478,0.021543597,0.299989389,1.231860692,0.329394604,1.395421983,-0.810135014,1
-0.87937289,-0.412428796,2.142780545,-0.246345198,0.6530814,0.298231842,-0.549825346,1
-3.226664915,1.68058774,-0.021105415,-1.188955203,0.572550232,-0.042755251,-3.021498163,1
1.131626749,0.920815316,-4.106681702,2.093650728,-1.951435579,0.943218738,-0.815660285,0
1.203124977,-1.887092813,-2.551971029,1.080266556,3.499233357,-0.427476892,2.928774852,1
0.642458971,-2.451568797,-2.653792304,-0.364929666,3.615423791,1.898301244,1.32712058,0
0.47045024,-2.749237969,2.322582975,1.726489889,1.039761624,1.552563586,0.8772043,1
-1.732679632,-1.363677609,2.304609961,0.542089313,0.830662847,0.841332729,2.215031084,1
-0.663819761,-0.801457205,0.024577009,3.526233012,1.78173561,1.010057321,0.9389107,1
-3.010279868,-0.664851344,-1.906940603,-0.283595624,0.571321127,3.22411785,-1.721947865,0
0.628065235,-1.461070961,-0.373526282,2.955606409,-1.527220731,-1.683372812,0.642705013,1
-2.252233369,0.194034032,0.878376528,0.846849517,1.62142039,-1.119036794,3.825229936,0
-3.523572641,-0.464500208,1.109407856,-1.887772232,-0.557847097,2.895793612,-0.365323639,0
0.262417635,-1.927031161,3.693168895,-2.90107758,2.202411002,-2.319203174,2.614692534,1
1.368755792,0.594595783,3.014961047,3.311564279,1.156120121,-4.12900467,5.458589887,1
-1.699520559,-1.512799614,-0.802359012,2.709896601,3.056421239,-4.136871903,-0.721606341,1
-4.767311233,-0.245717716,-1.88996933,-0.116624071,2.042416985,1.975791616,-3.7252244,0
1.287782301,-1.492749582,-2.711249702,0.789181955,3.19068027,-0.209064177,1.838720084,1
0.764802758,-4.278191647,-3.225879587,2.239120669,-1.491258798,6.134522137,-2.587893347,0
1.792871307,-3.424825557,-4.087913644,0.102560494,0.122414449,2.330756511,0.914403502,1
-2.731179965,-0.730837345,-0.08863828,1.075109571,1.849820076,0.921686483,3.246392767,0
0.662377395,0.665578207,-1.728695203,1.370098588,0.460154077,-1.435427622,-0.577515827,1
-3.389829188,-0.214743647,-0.019302648,-0.090579927,1.521472718,0.690230884,3.506464979,0
-1.9697576,-2.089268533,2.437096876,2.397509542,0.325860192,-0.408155617,-0.833616032,0
-0.869662383,1.294127375,-0.16270057,-1.738675991,-0.204100301,1.251897627,-3.280269971,1
-0.163835024,-1.963474387,-1.887763957,1.6620155,0.460578839,2.524150425,0.869982944,0
3.101422304,-1.222490146,-2.181311384,-1.35956461,2.608299255,1.285016017,1.880348648,1
1.662117691,-2.818372854,1.266353556,2.46829373,-2.928958286,-1.31381251,-0.541750458,0
2.913226335,-4.513222772,-1.735331568,-0.774266043,5.084390973,0.320790603,1.975611851,1
0.571692635,-0.863996985,-2.875435049,2.026405836,-4.246383911,1.006723513,0.500029929,0
1.119112959,-0.668322898,-4.003993841,0.382810604,0.636288026,1.409675,-1.444479812,0
-0.763225004,1.564029161,-0.7621956,0.187656377,0.509873776,0.369877695,0.644180673,1
2.716717861,-2.104635591,-0.609056133,3.02772091,-0.221629654,3.970374429,3.319835117,1
0.263844265,-2.896271718,-0.157614476,-0.184619255,-2.848897253,0.40465954,-3.04217039,0
1.329625793,-0.724636342,-0.828483746,-0.484221187,2.893090553,-1.011137425,2.081537202,1
-2.689383738,2.066926457,-1.427389313,-0.47896347,-0.531704481,2.245740992,2.0247306,0
-1.194072842,-1.709236632,1.531268362,0.915136696,0.293435404,0.088832438,-1.294135499,0
-0.124659043,-0.887231349,-1.626181345,1.3629989,-0.275989211,-1.051163227,-0.06847672,1
1.648924474,1.892232711,1.23609355,0.766091055,3.402389029,-2.486629556,6.008854208,1
-1.025057261,0.950649206,0.477779572,0.750320689,-1.667553035,-0.782701244,-1.750282866,0
1.892078643,0.954169191,-1.481275741,0.640674093,0.308714749,1.858212158,2.90375397,0
-0.580451799,0.400891004,-1.218143758,2.407946088,1.367578742,-2.275824219,2.10991205,1
1.475108046,-0.194034315,-0.681668915,1.11114488,3.745267025,-1.557817483,4.619550751,1
-0.355935653,-4.023887998,2.21153071,1.119227641,1.506340802,2.501914095,0.735253371,1
0.468012201,0.155356404,-2.346800601,-0.217853216,2.239843251,0.065110334,-0.712190722,0
-0.427486229,-2.172022754,-0.815573451,0.446631363,-1.236801965,1.379888927,-2.201604888,0
-0.188985311,2.975707192,-0.215147855,0.171247176,-0.372198595,-1.431905623,2.766830845,1
0.507763126,-1.522654059,-0.585707825,1.680467214,-0.628317574,-0.934870838,1.078184946,1
1.802925439,-0.012751764,-0.580450036,1.464141455,-0.129531045,-0.570566006,1.348302458,1
-1.317609398,-1.80564189,2.862508115,-0.458129706,2.058752762,2.308895924,-0.287477036,0
2.03273772,-3.998189557,-2.210895446,-0.426173737,6.017561245,-0.004891249,3.35747973,1
-1.389891028,0.861630335,-2.185817492,1.05375497,-0.172354165,1.455256064,-0.87745592,1
-0.593083739,-0.614563467,-0.965532008,1.375837668,-0.404390723,0.632694826,-0.332070551,0
-2.835124117,-0.303738531,0.143170742,0.701498078,1.928976962,0.235919519,-3.274083513,1
-3.835874261,-0.838795598,1.412859983,2.251267651,-0.343720948,0.946562081,1.66131914,0
-2.236188121,-1.174561063,1.482703478,-0.277161056,1.497598428,1.075731385,-0.936970586,1
1.85333895,1.142824223,-0.656871904,3.643154289,-1.897169018,-1.128151025,-0.923307315,0
-1.082844542,-2.481235156,-2.097139832,0.713141797,-0.088334015,1.911881633,2.012687026,0
-3.684835015,0.591154443,2.158562671,1.38333164,2.358521534,-1.256500499,-0.464272899,1
1.579824972,1.523021713,-0.127712628,-0.525103809,-1.529871694,0.02706922,1.403521232,1
-0.46518003,-0.441021199,2.66634754,-3.424639414,6.228487613,-3.118952875,5.201887028,1
-2.213827189,0.49830037,1.216114112,3.84968622,-0.013403914,-4.851519233,2.153440221,1
2.316230888,-3.853371915,-1.18844711,3.765607259,0.940405563,-1.025423502,2.48045173,1
-0.539638857,-0.371998948,0.739616231,3.301151511,1.53170941,0.67487519,2.011494167,1
1.883349885,1.186676315,-0.096343854,-1.422643225,1.426149025,-0.507856062,0.947932207,1
-1.834045786,0.85207234,-2.358210348,0.657595856,-1.532116578,1.983561342,0.810122508,0
-2.133101288,-0.739687703,-0.748786782,0.474687947,1.771861564,1.257156655,0.260288653,0
1.027470747,-1.01201852,-0.246328767,2.046916339,-2.115655588,-0.037873136,1.136907353,0
0.913367079,0.238227626,-0.86645313,0.411078967,0.777247078,-0.690557676,0.269081521,0
0.235550495,-0.743987656,-2.23897547,1.929705461,-1.331811846,0.934118092,-0.286911456,0
-1.857783984,2.34886037,0.540231035,-0.565698323,1.609930424,-3.109112713,1.230691463,1
-2.083041788,-0.680601963,-0.7388873,2.170800799,0.619500365,1.86624271,-0.467479407,0
-3.786768158,0.531810496,-0.384473904,-0.647376,0.056736114,0.723116835,-1.636582685,0
-3.001232904,-2.172604901,-0.147178811,1.175183417,0.020233193,2.822543498,1.122215319,0
0.71795021,-2.854197295,0.131556699,0.982122298,-3.703554308,-1.018045348,-2.920186182,0
-1.95290203,-0.325204039,0.758697743,-0.542917297,-0.131253177,1.02647587,-0.559688927,0
-2.045340309,-0.586203249,0.02598163,0.367013151,-0.393658943,-2.431758417,0.008339593,1
0.116351823,0.741875647,-1.017357821,2.396387207,-0.029596388,-2.003704787,0.26348289,1
0.433143551,0.100089122,-2.64677244,3.006648211,-1.389106374,-1.818382161,-1.15329372,0
-1.97530185,0.148919043,-2.065254398,0.971761931,1.009978356,-1.996483744,-1.310787649,1
-0.270247824,-1.201557207,-5.180526893,1.296239624,-2.091876125,3.152911478,-1.750078184,0
-2.286438343,0.771862397,-1.11308864,1.154396271,-2.83075368,-0.429298021,0.170322177,0
1.119800779,4.1513682,-1.699642745,0.484084011,-3.993199239,0.854565882,0.496347095,1
-0.278953799,-0.563608436,1.888951231,1.177150821,-0.131230444,1.213522064,-0.549522887,1
-0.041382648,-1.816789517,-0.210444419,1.056712171,-0.22342726,2.863540356,0.265070336,1
-2.584726654,1.048688579,0.598485672,1.121578892,1.497725101,-0.307844089,-0.209055894,1
-1.557786409,-1.471138953,-1.669224586,0.306207078,2.125749174,3.335779504,-0.649064514,0
1.915855843,-0.988939958,-1.049353649,1.00480985,2.384984458,-0.827303935,2.40789327,1
3.66109756,-2.309110531,-2.734424094,3.635042845,0.37611387,3.827175636,0.026171935,1
0.292053647,-2.83944957,0.334109459,1.396526631,-0.439524526,-0.26325533,-2.947236366,0
-1.594125392,-0.74166841,-2.062309758,0.930106043,0.860364897,2.285538692,0.232869083,0
-0.863086673,-0.759133573,-0.683856552,0.031125912,-1.671518145,1.262743446,-0.568033409,0
-1.916705428,-1.773344523,-1.270688433,0.359605912,-0.236985675,2.497780658,-2.045905812,0
-2.486787507,-0.602886668,1.37740695,0.77574141,0.626755722,0.46137289,-0.556968634,0
2.362357983,0.614849067,-2.339010538,-1.616023001,2.540068818,0.924703838,2.388514589,1
-0.025881076,-2.799969111,0.442402392,2.767826154,-2.158892994,-1.15023488,-2.236208646,0
3.008494403,-1.372118888,-1.65765908,1.490543757,-1.534552435,1.01013167,0.348479388,1
0.455105367,-1.543566207,-2.872292136,0.202123833,-0.633656553,2.558788577,-1.935700362,0
-2.459718265,-0.092113714,-2.267755132,2.287133033,-0.003068792,2.449857292,1.245359039,0
0.452409766,-3.783231608,2.45141926,2.415297752,0.515930393,2.484613586,1.765241847,1
-2.222777971,-2.537998669,-1.795083953,-1.08131145,-0.096376753,3.515105516,-4.208284752,0
-0.956354026,0.990503736,-2.189060121,0.758419861,-0.612462867,0.660521787,0.119975723,0
-3.342023794,4.17136053,-3.584313047,-0.220927241,0.219320669,0.515194788,-3.005135514,1
-1.688580989,-1.766127996,-2.873939166,0.605564447,-1.116731368,0.252804418,-5.103210963,0
-1.87774551,-1.369189108,2.173237514,2.06540086,1.967434316,0.167084897,-0.831360337,1
0.536446993,-4.944608718,4.392974528,-0.078261211,0.08974542,2.694833056,0.572564128,1
-0.012767581,-1.84302722,0.336217951,1.946008032,0.272622813,0.597072678,-0.771769254,0
-1.857834005,1.545697526,-2.825358661,-0.52653283,-0.60250533,1.338497914,-0.395376725,0
-0.294542983,1.568022196,-0.080591583,-0.58258044,0.690705791,-1.804404903,-0.163210965,1
-1.205504909,2.423058106,3.473933471,-1.469718606,-2.79209944,-2.54641308,2.871475348,1
1.077181951,0.462732953,-1.798955292,2.054467899,-0.548000715,-0.059185166,-2.032169189,0
-2.779781776,-1.456217016,-0.94383564,2.319533872,1.313009926,3.181730586,2.724627734,0
3.213812217,-2.39062694,-6.507846982,0.058833455,0.66286725,3.160365388,-0.868245492,0
0.586694575,-1.333885902,-0.292023479,1.13649496,-1.937563778,-0.40091978,-0.921238606,0
-2.126544814,-0.006764439,-2.156872686,1.947057184,0.303433969,2.80110413,0.955717019,0
2.892774871,0.900971232,-0.418609504,4.59193582,-0.46612229,-1.787328692,2.215688603,1
-6.129668144,4.738226808,0.25347735,-1.393228031,1.964849465,-3.41088064,-5.015263697,1
0.475240896,-1.833409034,2.565566838,2.456610228,-4.196405189,-3.164642477,-0.052965085,0
-1.037494783,-0.62402671,-1.866294765,0.633535979,-2.463857324,-0.567371555,-2.448352787,0
-2.636867607,0.711025726,0.577419411,1.519662133,2.25102699,-1.054412134,-1.509871219,1
0.748482575,0.869340372,2.039248658,0.933981311,-0.24950108,-2.3682325,2.721538302,1
-1.811287862,-1.204246673,1.453347164,1.445390945,0.424619294,0.412867495,1.088504595,1
-1.993757282,0.889680141,0.057289768,0.898262727,0.644909723,0.251999159,-2.114689564,1
-1.023501562,-1.745750557,1.369527464,-0.277133678,-0.375001121,0.728219832,-1.684659207,0
1.920744568,-5.59234342,3.5833868,1.617297322,0.841690416,3.208947823,1.75325013,1
-0.173678509,-0.664062081,-0.65261267,1.97784334,0.520846571,-1.465246092,-1.933512989,0
-1.092104469,-2.319824263,-3.241269472,-0.615612564,3.810939232,2.543286344,2.563835795,0
-1.904318739,-1.998720664,0.949570545,1.572483221,-2.15011756,-0.628305308,-1.781651819,0
-0.828548862,-1.253255499,1.294462681,0.621825762,1.471996878,0.877483573,-1.129854827,1
-1.17370435,0.882699071,-5.144179751,1.433178456,-2.408160762,2.108997241,-0.012061768,0
-3.360436166,-0.453961255,0.98522796,-1.760200315,0.093801121,1.954173736,-1.717266777,0
-1.55343846,0.657055442,-2.956942332,-0.160108301,1.891135484,2.784584769,-0.751640827,0
-2.245482916,-0.047701365,0.250696269,0.771605049,2.243000186,-0.687586724,3.378856539,0
-2.59817687,-2.330885838,-0.710847035,-0.256190031,-0.953030007,3.520416919,-2.139487225,0
0.259523243,-0.815401527,0.869376717,-0.20442455,-0.764832501,2.22786781,0.423215962,1
-1.977901743,-1.338099941,1.810179607,1.344037443,2.365846835,-1.13748263,-4.768058804,1
-1.87187485,-0.233304283,1.115992715,-0.305702292,-2.166264901,0.999810482,0.811045605,0
-2.553666714,1.189054633,-0.459675725,0.333776626,1.408911115,2.09026097,1.510653955,0
-5.313589471,-1.654369357,2.081098334,2.065002509,-0.439682197,3.186588202,0.960661464,0
0.546077805,0.454631306,2.023503567,0.251398866,-1.453233643,-1.617008997,1.220969825,0
-1.680703865,-1.174720822,1.609465182,0.972546094,0.358214106,0.495325489,-0.751744832,1
0.135915563,-3.690918189,-0.748284536,1.939690079,-0.47010556,0.831898372,3.540891827,0
0.071200656,-3.021763247,-2.432415933,2.649502477,-2.987988388,-0.543399449,-3.933729069,0
0.109009318,0.059472994,-1.978437102,-0.80508056,-3.696736876,1.108279225,-2.742458438,1
2.577565777,-2.528509231,-3.644774323,1.892484953,-0.932622601,1.163782653,-2.871391746,0
-6.710168902,1.035162709,-0.443712529,-1.155560379,2.5260252,3.678177882,-0.82028043,0
-0.458837875,-0.936624637,-0.802757694,1.559549736,0.16766578,1.917121565,-0.348891561,1
-0.487366694,-0.768805325,-0.779231515,2.025256619,1.477926984,0.267788073,-4.454570173,1
1.27350962,0.146745629,-1.573093607,3.495491609,-1.719938285,-0.573787792,2.651101705,1
-1.924684143,-0.481092628,1.244390481,2.320035719,-2.890465121,-2.095219002,0.206405898,0
0.923694005,0.664399808,-3.141028855,3.061432051,-0.24205667,1.954008085,0.618410208,1
0.69877107,-3.183903344,-0.960171707,0.062462647,3.003148355,-0.560868607,3.56533263,1
-1.184985961,-1.037630307,-0.18768696,0.948683687,3.589773545,-0.717792438,5.123757212,0
-2.890416748,-2.458837644,-1.909801503,1.449790235,0.329820133,4.568928461,-0.337194942,0
-1.58393678,-1.531122384,-2.29387863,0.493778409,1.136737703,4.105092626,-1.39693378,0
1.651094485,0.265407463,-2.468423582,0.170139328,4.078708088,0.413490811,-1.13105906,0
0.028745728,1.186992124,0.666876228,2.193248134,-1.44054997,-3.155569478,2.405654839,0
3.30525532,-0.365827922,-5.150419025,-0.881562286,4.545103503,-0.283234995,1.472263329,0
0.685921451,0.234625996,0.200581938,0.136437795,1.561302534,-1.405800916,2.287287185,1
-0.826259257,-2.398700188,-2.721265081,0.921567449,-5.498666693,1.652619334,-2.085341847,0
-0.695384202,-0.547641145,-2.582377909,0.762240028,2.301142183,3.172154768,-1.918349804,0
-0.525793753,-2.056071225,-1.940514084,-1.300388493,3.853714603,-0.492697731,4.59635612,0
-3.310218995,0.950285967,0.578483409,1.149234562,1.922166092,-1.208642771,-1.117317375,1
-1.552304505,-0.568828352,-0.295292327,1.015398702,2.716914618,1.537340818,1.155864135,0
-2.527668055,-1.44366874,-1.11415722,0.564731146,2.51756553,0.957988331,3.612062408,0
-2.336503631,-0.405097474,1.364606675,-0.800631969,2.657240094,-1.812021515,3.889340641,0
0.374261111,-0.795522464,0.531780191,0.978175678,0.656671348,-0.947167187,-1.094727349,0
0.94380087,-0.879667109,-1.774053278,3.478484629,-0.254345217,-1.358062477,1.281925544,1
-1.663651228,-3.591539416,1.790161184,2.841503045,2.26001839,1.567303348,0.090837087,1
0.58577637,-2.261525765,-0.154649279,1.064846737,2.478165855,-1.889778033,2.586432022,1
-1.684840454,-1.540054904,-0.799606503,-0.265964055,-1.376355632,2.981055391,-1.0954011,0
1.85606797,-1.626322829,-0.40483663,2.334052247,5.100467162,-2.624019263,3.827240359,1
3.143162816,-0.251827702,0.488277855,2.358740612,-3.11179195,-2.954760687,1.556972107,0
0.95947521,1.17520878,-1.558681656,3.150679291,-1.332056334,-1.162085781,0.936264265,1
-0.441543324,-2.207321539,-2.668634637,0.778623519,0.189522048,3.35459343,0.409553081,0
-4.674679526,-0.317119197,1.502373359,-0.422457356,0.66586105,0.476368686,-1.094367441,1
-0.082982561,1.373660198,-1.091739168,-0.640550402,0.976091712,0.854332308,-3.776445756,1
-2.024398064,-2.3441758,-0.223759414,-0.468512004,5.812242075,0.784822869,4.434521041,0
-2.937618954,-0.707787835,1.111767952,0.697300735,0.991532995,0.388504227,0.848923139,0
0.670925442,1.256008935,-4.594956527,2.815058559,0.848239996,1.612066161,-1.838806737,1
0.734629309,-0.876739738,-2.192778445,0.86851334,1.652879227,2.114735275,-1.075872105,0
-0.446094007,3.460395656,-3.745793088,-0.209806587,-1.150347999,1.953259612,-0.777963277,1
-3.64041071,-0.284994611,1.035445947,0.197992875,1.107829355,0.600650708,-1.073124668,1
-0.571826889,-3.587275283,0.842195359,0.879595446,-0.431053659,0.835798585,-3.460362588,0
-1.880011246,0.403136744,0.51825074,2.415009167,1.619696525,0.008863284,2.626433539,0
-0.606505459,-2.1968009,-2.89354116,0.272768055,0.132270563,3.182930726,0.087091587,0
0.640770677,-0.811545361,-2.540001339,1.624781008,-1.645219237,0.406578147,-0.932557413,0
-0.929717989,-2.429990314,1.107567456,1.102608458,-0.446792496,0.603345777,-1.685764024,0
0.024337754,-2.21590944,1.309567963,1.569842589,-2.798334523,-1.290025102,-1.231201967,0
-3.273138685,-3.060045126,0.66678411,0.782175545,-0.363841584,0.674902534,-4.469190139,0
3.010344278,-3.423028629,-3.110977964,-1.543044507,3.567608188,1.696232599,0.445840404,1
-1.390092018,-0.943399327,2.169382221,0.811335209,-0.098069823,-2.856673662,2.323921689,0
-2.351351099,-0.272642068,-3.568394972,-1.63819082,-0.053723721,5.254060258,-1.244090836,0
2.449576793,1.373389117,-0.222664256,2.736058751,-0.286664276,-1.377858784,2.35380814,1
1.14170069,-1.534707638,0.659299416,0.955625457,1.094137351,1.54861138,-1.76715476,1
2.20545334,1.373721568,-2.017316763,0.51352586,2.93029506,-0.492496435,1.777255205,1
-1.976268309,-1.69747492,3.938755942,-0.937526951,-1.122784652,-0.043763828,-0.812285956,0
-2.009013362,-0.613284173,-0.779701197,0.525293507,0.125646678,-0.336268755,2.476398328,0
2.200067918,-0.409745976,2.419940671,-0.189508486,2.907596425,-1.872339123,7.193374375,1
0.14167752,2.182866219,-2.484626713,0.348822375,-1.976806635,-0.554953287,1.399388786,0
-3.869670838,0.548425831,-2.411873823,-0.3381157,1.52193191,2.496692233,-2.423093249,0
-1.994718821,0.459086213,-1.078757716,0.677493022,0.283108335,0.336912539,-0.813438826,0
-2.156863512,-1.655429484,0.680629957,1.499034768,0.346764852,0.507208319,1.584665032,0
0.824070525,-2.257004323,0.191330702,3.010131398,2.14432693,1.425293055,-0.905345771,1
0.775367601,-3.098895429,-0.903342586,0.39329459,3.286609649,-1.386145533,1.877042092,1
-0.784981331,-2.564694602,-2.836161957,1.629181923,-0.846003106,5.548138248,-2.178990218,0
1.171829745,-3.135742221,-1.320855654,2.381893526,-1.079496598,-0.389709916,-0.445502635,1
-3.191597254,0.373525228,0.636532181,-0.62580678,1.040844599,0.323503241,-2.31541651,1
-1.768985907,-0.338156799,0.815394537,-0.435690131,3.506835034,-0.749377068,-4.42166643,1
2.329371607,-2.338652131,-0.495711205,-1.401172164,3.025817286,0.258610491,1.945986711,1
0.214291389,-0.701338673,0.408814829,0.778462481,0.927361115,-1.54708877,1.495648024,0
-0.141585523,2.091738887,-2.431368322,1.498578364,-1.071765003,2.290815025,1.12172416,1
0.455312607,-2.382895446,-0.83742965,-2.36617514,-0.276460122,0.852335249,-0.031126053,1
-0.691713124,-2.431340292,-0.909663545,2.428320647,0.242079363,2.313575569,1.285942944,0
-0.792811525,1.365261448,-1.139326284,1.44881012,-0.494653115,0.758329102,2.344657884,0
1.132991657,-0.845150383,-1.277652116,-1.404552235,1.713443953,0.210441075,1.49337749,1
-0.933457506,0.426873937,0.675676976,0.677172865,0.16913582,-1.754665533,2.701821479,0
6.406366899,-2.752346865,-4.164118265,0.415241415,0.999640267,3.99560166,1.724251569,1
-0.971714995,-0.202241322,-3.069909226,-0.002042764,-0.516062475,3.160649884,-0.524903868,0
-1.564101199,1.202662349,-1.646536712,-0.906797933,-0.366069758,2.660875744,1.117163222,0
1.139302314,-0.180909126,-3.110081584,0.347346947,2.564799844,0.354353794,0.124899208,0
-1.406763969,-1.04892287,1.442689301,0.1584733,1.405372151,-3.400368075,0.701403599,1
0.077349052,-0.171175126,-1.364395781,4.491519184,-1.127824548,-2.438635299,0.001521444,1
1.668673001,2.704020264,0.352479854,0.105849728,2.0746357,-1.685557031,3.599024519,1
-2.69058317,-1.314308368,0.67625093,-0.041387321,-0.074872594,1.530247544,-1.818450848,1
0.519990587,-0.629941341,-0.524824293,1.641212357,-1.571079847,-0.735261914,-0.246022141,0
-0.105490641,0.935525316,1.04637234,1.202567426,2.947505168,-1.048008873,0.634562579,0
2.839580937,-0.344798192,-1.019797291,0.894580857,-1.300060883,0.58237862,1.709708209,1
1.132006523,-1.7635908,-1.565067649,2.563091336,1.541496637,-1.483364574,0.250770105,1
-0.582115179,-0.142370086,-0.057086135,1.164174227,-0.546289605,-0.318578669,-2.088865252,0
-2.662658928,-2.601674875,-0.058714493,2.154432411,0.094333623,1.553419533,4.037146399,0
2.069823748,-1.987112469,-2.658363796,2.204464118,0.340968413,0.276198288,1.030098094,1
-0.792714002,-0.229621419,-3.055723052,1.945335333,-0.509488018,2.215651848,0.1481226,0
-0.845025674,-0.668020824,-1.760758712,1.867992656,-1.408949543,2.3034994,-0.772829229,0
0.637960928,-1.820886432,-1.547907723,0.295327968,1.791958688,1.943793586,0.280977383,0
2.580410309,-0.423082809,-0.919440811,1.972529005,1.552744666,-1.019071533,1.983451961,1
-0.079988616,-1.121805073,-2.112415432,3.120869418,-2.889311123,3.30488941,-1.446176434,0
1.29829612,-0.333265511,-1.853063716,-0.055402475,3.748343007,-1.126858125,-0.486259057,0
0.824893785,-0.178435425,-0.406084364,-1.794132298,-1.537090702,3.647572905,-2.314749819,1
-2.379439903,-3.464897573,4.115939841,-0.302866066,0.983021384,1.931703048,0.20355982,1
-1.244401925,-3.280975289,-2.839928158,0.841739833,-0.644497424,3.787029205,0.701310229,1
2.828637642,-1.154014648,-6.35974912,-0.112942198,2.870289999,2.804619621,-2.550249431,0
-0.864222815,0.896603189,0.228235498,-6.055057805,2.947001515,0.07222893,1.293193656,1
-0.385290798,0.429850651,-2.418576092,2.846474797,3.774742398,-0.829803618,-2.851622849,1
-4.2720132,0.021266115,2.420558289,1.756026488,-1.22186724,-0.395617762,2.020624473,0
-1.520566155,-0.146925139,-6.894485494,2.216431349,0.129410702,2.291799644,-3.176894759,0
-0.976025776,-4.201242798,-1.680632637,1.546067983,-1.330250067,2.643542865,-4.007585958,0
1.592905587,0.863294435,-0.985140593,3.203193166,3.548138203,-2.897686032,2.599989695,1
-1.990051618,0.253082918,1.382415248,3.628188037,-2.098876653,-0.009743437,0.896653238,0
-1.973276897,-3.830499332,5.612644416,2.101756234,2.53470734,0.223946461,1.643451555,1
1.079799917,-0.988307049,-0.411346386,1.814925328,-1.571417811,-0.689969668,0.549905438,0
0.742208466,-2.04436394,-3.35152072,1.542891713,1.174103053,0.074970402,-0.76275429,1
-0.736699243,-1.878103249,-0.918754219,1.222057173,2.157160544,-2.43248901,-0.841695386,1
0.053170767,0.091995273,-0.526661359,-0.9193666,-1.425081371,-0.211383357,-0.402743899,1
-2.250172219,0.851410805,-0.384605964,-0.517092054,-2.969104902,1.242169702,1.266060162,0
1.430488184,1.889053562,-1.724295249,0.293830715,3.165545146,-0.892114761,3.510518945,1
-1.20633224,-0.304427533,-0.551757643,2.071959545,-0.966433878,2.151957886,-0.846369849,0
-0.04876963,-3.673058377,4.666591292,0.902855809,-0.373095485,2.25559837,1.284336116,1
-1.801161364,-0.692103901,-0.447486874,2.021364463,0.690526983,1.620998537,2.391349211,1
3.334510251,-1.644267792,-1.989985646,2.363715553,0.573928824,0.433118791,2.416317749,1
1.041915557,1.363517928,1.402426931,2.640953361,-1.372456858,-2.626018574,3.43973372,0
-0.425371533,1.238848345,-1.335193504,1.940137118,1.96648374,0.104978381,-1.922671396,1
-1.558994888,-0.694853679,-1.540423726,1.626082259,-2.091961313,-0.328981654,-1.732498176,0
0.034818167,-0.930391912,-1.971992909,1.381197268,-1.217503209,-0.276925841,0.603642425,1
-2.852332903,-0.297597329,2.1913475,-0.62120734,-1.756340087,1.390835607,0.716829312,1
-1.562730541,-1.248686785,-0.127256543,-0.200353104,4.489207368,0.532332799,-0.506908778,0
0.905159053,-2.074056748,-2.905731595,0.26048095,1.845435377,1.096334219,4.09531232,0
0.644361094,1.949245987,-0.518537193,1.210917419,-0.260259898,-1.298721749,2.620061624,1
2.646115435,-0.449973403,-4.573946451,-0.045237912,3.849044966,1.139323078,-0.488345281,0
1.643184405,-2.031034223,-1.365666607,0.277604934,0.336991226,0.380510019,2.047649446,1
-0.920415592,0.822876415,-0.637388279,0.784929119,2.515817562,-0.806609826,-3.635637004,1
0.791671987,0.139390561,-0.954993855,0.226496149,0.35924481,-0.730098277,-1.217526316,0
-5.646383381,-1.882073215,-2.135781382,-2.066700015,0.589695461,5.755205595,-4.107393341,0
-0.691978981,-0.727939753,0.731977732,-0.929683973,-1.988977332,2.96597919,-1.788673364,1
-1.963238766,-2.639898991,4.052054785,1.515137929,2.180870107,0.392693765,-0.624850579,1
1.176184455,0.384985062,-0.054683432,0.117878962,0.565895687,-4.605001995,3.991795286,0
-0.562327703,-2.16738344,-0.86729569,0.496307948,-0.261085087,-0.865254657,-0.270118466,1
-2.454612376,-0.386469591,-1.073484764,0.914051503,1.925401868,2.438000463,0.338913734,0
0.490259358,-0.285924292,2.282679716,-0.09953192,-0.034051628,-2.245436972,2.124385261,1
0.988322341,0.178798403,-0.115664812,1.08932049,0.103319059,-1.02861416,2.613614988,1
0.833097732,0.449713632,-1.638548868,-0.63133803,2.830906373,-0.668860377,1.049428799,1
0.116793851,-6.428075468,0.68601459,1.245959225,1.666736281,-1.914961964,0.723795542,1
-1.377586169,-0.292062501,0.477852057,1.366838467,1.094184625,-0.312584943,-3.807170335,1
-1.023914397,-0.188001819,-0.70255069,1.617376553,0.82200077,1.032570792,-0.911224331,1
1.391706334,-2.04678943,-0.451347973,2.893526096,0.85005409,2.250140932,-0.264234402,1
1.466278231,-3.403241758,0.880975653,2.713308819,-2.802333945,0.768232888,0.014034095,0
0.134901811,-1.395711062,0.115701855,1.77915574,0.005765309,2.654754645,2.482959627,1
-0.209517839,0.874575959,-2.954284491,3.103598524,-0.599038939,-1.187980813,-0.306520094,1
-0.633935976,-1.643720896,-0.635279622,1.425874063,-2.043850984,0.443625414,-1.227993857,0
-0.027798756,-1.356070438,0.597771643,1.252840455,-1.418434342,2.632351799,2.000125146,1
-1.210806251,-0.724530015,0.834792768,-1.626050452,0.233619665,-1.569586214,1.124419217,1
0.03347095,-0.044160963,-0.481202468,4.937209505,-0.609872897,-3.231504027,1.248791791,1
0.10158397,-0.315758125,-1.972457545,0.584135157,2.133440464,-0.009839605,2.662200873,0
0.963711311,-0.186028867,-1.403153995,0.906509406,-0.994087228,-0.044597397,-1.661294173,0
-2.485168696,-1.009283719,-4.66095149,0.47823593,-1.340586966,4.170449393,-2.090361332,0
0.088282789,0.014226593,-0.414302018,3.366365952,0.783892813,0.640284755,-1.233923989,1
-0.583025794,0.097492981,0.357052001,-0.211639763,-1.250562835,1.841531219,-1.998824673,1
-2.023427392,-1.661363351,2.592763979,0.70153623,0.78740983,0.931920812,0.341899461,1
-0.302364267,1.724395847,-2.442337223,3.465108479,0.449791675,-0.074362452,2.493781985,0
-2.828707352,0.864626494,-3.149638826,0.005376275,-3.261025914,4.171440258,2.102061885,0
-1.252795549,-0.273387181,0.484443403,-0.137161972,0.230824474,-2.266708339,1.01775056,1
2.444539016,-1.847246342,-5.190255732,-0.084956614,1.034687884,1.921855817,-0.616023504,0
-1.234839187,1.269943936,-2.430020418,1.796216723,-0.442039985,1.229420582,1.691561916,0
-0.925349227,-1.213799204,-0.930872022,-0.189799073,1.060093559,1.213984075,0.519551095,0
-1.585450676,0.172775732,0.904119934,-1.779541126,-1.03043053,1.246945445,-4.617026424,1
-0.062355088,-1.324635095,-1.782416628,-0.346282538,-0.937751568,0.863851426,-2.835235275,0
-1.74197681,-1.200882179,-2.208693225,-0.198475594,-2.452568574,2.159957533,-2.081906248,0
1.331605736,1.635955715,0.875974244,-1.67779794,3.106344455,-1.847416733,2.414170509,1
-1.547802391,-2.724603636,-0.974454486,0.325558956,2.628070835,1.458281263,3.321828024,0
-2.532791508,-3.123671509,1.117364292,-0.279016526,0.154359374,1.752811559,-3.755760233,0
1.18433347,-4.517628321,-2.722998493,0.432822207,1.064832319,0.583494798,-1.278020409,1
-0.100806263,-1.258506747,0.304629465,2.065578047,-1.038622465,0.178040852,0.28006913,0
0.427912246,1.773682052,1.236277992,-1.627970413,2.250017748,-1.973513241,2.120970261,1
1.344706678,-0.089344529,-4.508753209,0.590932548,-3.983526037,1.500521365,-0.280325343,0
-2.253727547,-0.356549007,-2.4004501,1.671237171,1.08206531,1.409127744,-1.788594744,0
-1.378301277,-3.005818132,3.538818825,1.093620599,2.480568215,0.678380249,-1.244207232,1
-0.740123171,-3.437991017,5.079820147,1.375173807,2.612484532,-0.454033638,-2.678681961,1
-1.215310565,-0.988645286,1.48422958,1.117431705,0.176302288,0.973651068,-0.2553206,1
0.888573941,-2.706129366,0.874330097,0.77414859,1.571062399,-1.589267789,3.399375591,1
1.668865185,-3.592426551,-2.907858606,1.598578125,-0.849828113,0.752074557,-1.660211588,1
1.680285433,-0.815521174,-0.491036588,-1.630587551,0.933698006,0.11482454,0.58325181,1
-1.987301062,-0.512448969,2.029870689,-0.899803671,1.134416635,1.278729779,-2.327119827,1
0.826186522,-1.570704006,-1.714848921,0.897079444,0.072574108,0.22234524,-2.858869532,0
1.978804742,-1.668787148,0.160049961,1.923280521,-1.968769791,0.502736842,1.177378852,0
-2.634620957,-0.445614779,-0.344895203,1.078072017,3.364615804,-0.408180028,-3.376490049,1
-3.572582619,1.059641894,1.46963149,-1.684308558,1.326312304,0.308534957,-2.090557189,1
-0.157915527,0.323806904,-0.893337848,-0.06155364,1.29032277,0.766925266,-5.236625293,1
-3.444345088,2.12601723,-2.60191038,1.728499389,1.741967143,-0.406072786,-1.187467937,1
2.355047056,-0.805007082,-4.046869242,-0.621273549,2.721016877,1.403612449,-1.735117708,0
5.865860535,-6.010559195,0.246080599,4.507715479,-1.041609382,5.309622223,3.285412981,1
-3.457545113,-2.433908381,-2.407719733,1.567143712,-1.940697322,2.181587182,-3.584126728,0
2.49522748,-2.059803393,0.2328313,0.214406632,3.564175608,-1.10214237,3.368661424,1
2.061365504,-1.738690877,0.387993365,0.994916261,-1.544328168,3.52008681,0.167576207,1
-0.694597469,-5.343076463,5.8623561,1.162238433,2.294458014,1.640538073,0.896418974,1
-0.76823923,-3.839826193,1.087208558,-0.104708352,4.047186062,-3.135206662,1.054380314,1
1.718641807,-2.761063248,-0.592669642,1.3556338,0.680596659,-0.682477774,1.70291443,1
-2.768701223,2.349618718,-3.016333594,1.136014229,1.788677723,1.474187018,0.569352532,0
-5.240766596,-4.111889864,1.299108254,0.157964732,4.177133437,3.069097529,5.136138788,0
0.155710034,-1.449870396,-3.619583428,-0.488881607,3.142917445,2.725126311,0.240346626,0
1.847878345,0.469678201,-0.994127985,-1.029463529,4.308332069,-2.857492446,1.840285348,0
-1.784265103,-1.154856415,1.044179197,-0.8128297,2.17163657,2.529716301,-0.964945495,0
-0.000752023,-3.554890292,-1.110145172,2.093299951,-1.968881706,0.401407765,-3.513559603,0
-0.874152709,-2.635009936,-0.840066474,2.754217591,-4.90106902,-0.155717331,-1.290563234,0
1.63981442,-3.695537552,0.026941938,1.553567879,1.661155801,3.530639057,0.538838538,1
1.01550103,-0.302487386,-0.046176882,-1.037176834,0.028679152,-0.713654382,-0.662878148,1
-0.396577114,-1.999882587,-1.20753401,0.483109256,0.057674238,1.387186382,-0.095012373,0
-0.87259228,-2.754289686,0.683718341,2.650368226,-2.916745613,-1.274902334,-2.144244362,0
-5.067504622,-1.990630077,1.65600356,-1.215507234,0.074128948,1.662996128,-3.969132032,0
0.559077253,-1.887088352,-4.295589945,1.471322657,0.638079169,4.074458786,0.296224193,0
4.21498135,-5.542290257,-0.329022575,-0.970746456,5.461859052,0.023255606,0.880198889,1
0.264543326,-3.494726031,3.817398301,-0.822785222,-0.799215235,2.580769523,-0.026114955,1
-3.695590975,-2.613387009,-1.579767688,-0.944409442,-1.343096188,4.545995917,-3.171785929,0
-2.272603576,-0.895127997,-0.541500124,2.25297991,0.129806907,1.825236219,1.385557299,0
2.215098167,-1.099341276,-5.548641056,2.028464889,-2.620135894,2.745120048,-0.225686776,0
-2.125665712,-0.376316972,2.956503243,1.233274673,0.485446957,-0.059427793,1.436332986,1
-0.22987707,1.138251666,-2.31249341,0.837041563,1.61910525,0.82138118,-2.463749104,1
-0.317024065,-1.023549473,-1.079638075,1.655031329,-1.137084352,0.051341352,-1.171343556,0
-4.759438172,-2.516415393,0.58710332,1.199243358,3.218731012,2.725957334,5.568768151,0
-2.775878946,-0.680913711,0.727235593,0.28170529,2.6504278,0.094429883,2.860697945,0
-3.10556776,-1.617733229,2.835577172,0.695110044,0.553499934,1.210884412,1.527393697,1
-0.408477449,-1.150193475,-3.031133799,0.843984736,-2.318130839,2.477412639,-1.101446241,0
0.265300999,0.420142553,-1.408401769,2.471707423,-0.617136781,0.424931093,1.236271681,0
0.919370768,-3.102986782,-0.153153248,2.541856654,0.752275592,-1.918296603,0.376595844,1
0.169607816,-0.729545601,-0.826745594,0.993625818,0.276170346,1.91902546,0.526956474,0
2.639380873,-4.289758506,-1.613193772,0.638524246,3.968766656,-0.291309665,1.379010378,1
-0.747772658,0.320284841,-1.048461755,1.431225822,0.949917575,-2.278243763,-0.089930972,1
0.175437139,-0.227971866,1.438185035,0.437639513,1.095016883,0.642008128,-2.876186916,1
-2.252408848,-2.923768893,-0.622918038,0.191839018,-2.615010091,1.274305092,-3.976483633,0
-0.054990862,0.766912787,-1.11120219,2.834830484,0.193472129,-2.336585084,0.541694462,1
-2.188421884,-1.385229506,0.419799194,0.14293918,-0.360722433,0.055028718,-2.694542386,0
-1.543241264,0.492982015,-1.64010629,0.8128365,-1.189101619,2.615443796,1.92667469,0
0.294586351,-0.353755252,-0.540281839,2.859840442,0.671989996,1.291838185,0.920605642,1
-0.9224065,-2.287546768,2.111653203,0.852655504,0.456668196,2.057953256,1.561895451,1
0.003216373,2.264157489,-1.134655762,2.252035365,-1.273472123,-1.636350877,0.874231935,1
1.109550502,-2.790130715,-0.32244415,1.797326115,-4.667150083,-0.25245425,-1.126932496,0
-1.991131981,-0.499468798,-1.662175557,3.056533921,-0.402932959,-2.80698758,-1.171349328,1
-2.178068955,0.711060019,-2.723528183,-0.79461916,1.371632238,2.661669238,-1.43801903,0
-0.255417492,-3.7245144,-2.289936321,2.299078697,-0.806970221,-0.632365628,-1.109603654,1
-0.712120174,1.314940544,-1.574883475,0.941322043,-0.592441001,2.410665859,3.416639346,1
-1.447188749,-1.675930188,-0.464819568,2.638306667,-2.620990805,3.498612406,-0.495153874,0
1.272060507,0.365450752,1.295580507,-1.211840728,2.920993141,-1.863686772,2.59718064,1
-0.48595147,-3.295631013,3.069043741,1.283813801,0.287897137,1.821316404,0.293289976,1
-0.276731342,-2.278335701,1.073350347,1.18530113,-2.921572425,-1.269544591,-0.032305611,1
-0.815174261,-1.583965323,1.87312307,-0.339978627,1.401494186,-3.250939076,1.070209221,1
2.343654192,-1.551587681,-2.616260122,3.158761372,2.69128759,-1.172085986,0.313115727,1
-0.357004974,-0.747328439,-2.288484806,0.487322149,2.301590994,1.625671372,-1.237117724,0
-2.608909791,-1.871446539,3.468565262,0.783995886,1.420708508,0.52558978,-0.88752163,1
-1.661266138,-0.51612929,-1.100306462,-0.251146092,2.521782096,-0.529969803,4.207055592,0
4.001401262,-3.329200407,-2.392717056,2.610137214,1.521951789,0.299683493,-0.160762434,1
-0.097817579,-1.749790873,0.105745292,1.17334842,-2.867315063,0.48788545,-0.364658365,0
1.552914456,1.914401426,-0.931410707,-0.51281541,-0.58744716,0.112721441,0.555947812,1
0.526586204,-1.353058666,-4.916783135,0.604765684,0.345793604,2.741096659,-0.072155984,0
1.471951677,-0.543596178,-3.706613519,0.456446007,2.417321106,2.136522109,-0.39362185,0
-0.276054846,0.218411546,-3.955650594,0.888880804,0.546417056,0.033951672,-0.70466805,1
0.9401731,-0.160035076,0.24909399,-4.24131638,1.62625739,0.483365208,1.652870764,1
-1.053627133,0.168310928,0.1088945,2.525974969,-2.108336917,0.131820141,1.239641077,0
-2.2051038,-2.963374173,-0.461295008,2.345019483,1.720931319,2.75898409,2.589351111,0
3.504740977,-5.478682219,-1.548665919,-0.720533669,1.908383228,1.91057271,2.445013853,1
-2.217366179,-1.667909956,3.010118131,1.283279647,1.421265031,-2.214285605,3.758296168,0
-1.639293715,-3.33406904,3.823665688,0.904777608,-1.145672199,2.70332585,2.079393199,1
-2.584093963,2.18063284,0.73113168,-1.536171164,-1.463974919,0.283160947,-0.101619167,1
1.004742265,-1.654689861,-0.294945817,2.194853224,-0.295615085,2.513654646,0.253906147,1
-2.032828008,-1.471171148,0.285539898,2.169889211,-1.104245131,0.643577206,1.775743836,0
-1.310657812,-1.210850946,-0.789613398,1.720657274,0.214007605,3.557588395,-3.000197815,0
-2.24235137,-2.316265042,2.134360188,1.668288487,3.9961917,-0.096488317,-1.037591443,1
-2.551559229,-1.565405196,-2.572904645,0.636265,3.739901598,4.078157772,1.339616741,0
-0.54865355,-2.714222584,1.875525792,2.445013639,1.396514211,1.811201229,1.221697782,1
-1.282859052,-3.663901877,0.27622676,-0.764491094,1.040626553,2.805087911,-4.47558768,0
2.474984704,0.511224433,-3.914485791,0.629872142,0.477448672,1.2953872,-2.894965081,0
0.039004099,-2.903122082,-3.513414258,1.225970796,3.442894611,4.493856241,0.437557417,0
1.184530819,-1.341687915,-3.321873248,7.561485391,-0.576228823,-2.336227203,-1.559156989,1
1.187048641,-2.198453033,-0.345532456,2.267265963,2.985937267,-2.420051282,2.009993218,1
-2.964773899,-0.187183233,3.186063135,0.379487917,1.999168877,-1.860598181,-4.492389752,1
0.849494925,-0.231710566,0.936645736,-0.873354652,2.426435683,-1.888175042,2.810348673,1
0.00094389,1.70223388,0.443003101,1.028749632,1.505714849,-0.345828586,2.545395225,0
0.117483285,-4.09402742,0.224615899,1.919510445,1.486836861,-2.313801889,0.378997485,1
-0.542642475,1.188660038,-2.618001759,0.48740168,-0.900953302,0.747661723,0.282464485,0
-0.977650136,-0.305415675,-1.862190559,0.18379667,3.301545454,0.72802176,2.74473663,0
-3.010134336,1.548268357,-0.568293032,0.209247169,2.317043914,-1.242233911,-2.727464441,1
-4.561322305,2.126360339,-3.325207918,-1.062219818,2.928190087,4.126126894,-0.609772001,0
-1.132557682,-0.462099742,-2.043910543,1.561229857,-3.717128152,0.492360966,-0.201099027,0
1.421936795,-2.54087551,0.547819063,-0.861090723,2.98982567,-1.122436456,2.552587448,1
1.294423893,-2.076881581,-0.609024724,2.560102304,1.964543676,-2.225214888,1.053746966,1
-0.180991023,0.811598539,0.186962771,-2.114348068,-0.963956017,-0.087821433,1.789026195,1
-1.360229312,-0.525080399,0.182060471,-0.076526947,3.333188017,0.89328843,-1.153843133,0
2.018030556,0.3970603,-2.599518994,0.869264332,0.053678583,0.243393778,-0.19350131,0
-2.818993177,1.050634051,-1.086368485,-1.590237183,1.445839086,3.698570269,0.444069046,0
-0.353194548,-2.949073284,2.293178644,3.880526412,3.054124893,0.709941597,2.608796602,1
-2.862726827,0.577681534,-0.252583607,0.764674018,1.777822979,-0.563261512,-3.670269251,1
0.133243212,-1.474148341,0.047766695,2.825379684,1.985239143,0.996644719,0.216463295,1
1.765917386,-0.526684615,-2.635053431,1.674343405,-3.016568986,-0.556210034,-0.491447074,0
1.123467632,-1.824627279,-0.026979951,-0.479946033,1.304339937,-0.80521152,0.502430498,1
-0.661029353,-2.028037794,-1.003876658,0.095921124,1.110528648,1.144246252,1.987429612,0
2.319430963,0.644981353,-2.185412679,2.676259873,1.753957724,-0.382958855,4.595794222,1
-2.954896105,4.202643132,-3.468045836,-2.146075341,-1.400878558,1.096127897,-1.679607938,1
0.990589687,-1.035741539,1.71871835,0.710346607,3.579353218,-3.06394989,3.954487792,1
0.083671114,0.478028949,-1.492260504,0.117915684,3.146014324,-0.12691838,-0.452403545,0
-3.160312633,-0.761810602,-1.128493326,-0.078224321,1.41305915,4.56119729,0.108746451,0
-0.853206429,-0.837726287,-1.424905663,-0.312683756,-0.952663423,-0.197801273,0.73875602,1
-0.570273135,-1.509437907,-1.937346262,0.694938866,1.213763097,2.26576258,-0.683917462,0
1.41034947,-6.235107041,0.60667877,2.781526465,0.188419279,-1.655568486,1.787465613,1
0.426967499,-3.72667673,-1.152727355,1.555085995,0.883857799,-0.832537761,0.609528381,1
0.913955462,1.32108304,-0.545792261,1.225552855,1.425379009,-1.919352275,0.774225621,1
-0.656901337,-1.2383476,1.036869932,2.136844434,2.919869997,0.690906823,-2.321158436,1
-2.516579279,-1.226960389,-0.358848026,0.417753301,1.258175411,1.801802496,0.889659108,0
-0.271070252,-2.515852845,2.342917722,0.699965346,0.356715611,1.941893883,-1.652992023,1
-2.343689657,-1.701510486,2.10750729,-0.148572381,-0.154676747,1.904950373,-0.269680302,1
-0.06247884,-1.271620546,-1.614192274,4.550573717,-2.929723144,-1.311799945,0.123584465,0
-2.438665553,-3.50468229,-2.409751844,-1.344681502,4.407302202,3.386602502,2.165801374,0
0.457311446,-3.74091318,3.264172519,3.425624286,-3.96250598,-2.85353773,-1.0020498,0
0.665185203,1.028354738,-1.281157846,2.603482852,-0.143778961,0.733716203,1.105284862,1
-0.518675659,-1.339718079,-0.605109573,2.08712594,-2.178789155,-1.107427302,-1.6375486,0
-0.853172557,-3.685279413,4.862675993,1.33522806,1.87305425,0.618674123,0.597076592,1
1.393823623,0.428643902,-2.062432437,1.032301097,-0.686957246,-0.436844255,-0.490572827,0
0.763598426,-1.429125238,-0.340216503,1.658917029,-1.251979348,1.424636916,0.842211258,0
-1.220395543,0.727752497,0.500212481,0.941042704,1.720316779,-1.422646164,0.866285324,0
1.220268937,-1.813114807,-2.825256849,0.593481841,2.364036453,2.256644676,-0.550468315,0
3.660747197,-4.135668229,-3.245701027,0.392139813,3.648021363,0.770487365,-1.911790438,1
-1.952355837,-2.334649835,1.009871062,1.460250188,1.372605121,1.579299527,0.021318706,0
1.681662618,-2.981673805,-0.079805091,-0.947866387,3.034812556,-0.708611234,1.166970737,1
-1.346421206,0.325349557,0.363486687,0.919303703,-1.428069002,-0.532935378,0.630116237,0
-1.356758732,-1.528045709,-3.707089527,1.440727033,-1.209897257,2.9220784,-1.865114573,0
1.908380532,-2.776327562,-0.202382062,-0.80345759,3.120930176,-0.827356878,1.30054503,1
0.355133695,-1.294624869,-0.414662426,1.212616092,2.867241644,-1.966610091,2.892003722,1
-3.824104179,-0.653506493,2.017481112,-0.650462417,-0.267903409,-3.810386842,-0.293752288,1
0.923390881,-0.887100649,-1.802853232,1.918978558,-0.357687583,0.555588822,-0.37351141,0
-1.291458924,-1.672009269,-0.746471019,2.846835147,-2.52227973,2.225132838,-0.180186783,0
0.670873929,-3.621538116,2.77849514,1.817759679,1.166009403,1.895061257,0.323823432,1
2.905224958,-2.220215521,-3.04161171,2.024207388,0.939726611,0.768177023,0.614775962,1
1.489117723,-0.564749263,-1.795275197,1.464253868,-1.172761989,-0.362617184,-0.62391155,0
3.494959666,0.399268222,-0.132810356,0.370993397,2.620881789,-0.692937243,2.759441226,1
-3.079759205,-1.423470892,2.0046343,0.328651263,1.998417684,-0.473727091,2.446554704,0
-1.19001868,-2.277019069,-1.168611262,0.534392404,0.627725067,1.856832273,1.317743743,0
-2.23135495,-0.428671621,-0.423293076,2.738072101,2.313358136,0.122937893,-0.887194383,1
-0.376061069,-0.944397578,-0.505210183,0.504845193,1.79934464,-0.212706483,0.624139036,0
4.303296779,0.103930716,-1.804378149,4.803848062,3.562605279,-1.893925123,2.502066301,1
-1.039616871,-0.016362065,-4.101306009,0.672189527,-2.140563079,2.316941986,-1.013110289,0
-3.964556259,2.345100706,-3.681721723,1.54795463,1.045327831,2.553128683,1.151235848,0
-0.170811719,-1.867271142,-1.771844728,2.413155317,-3.094554738,-0.624884375,-2.076113997,0
0.121914996,-0.949051136,-2.883909254,2.798849457,-1.042559857,-0.530314421,-0.045183862,1
-2.876533471,-2.882160169,-1.098156523,1.760447437,2.266886444,3.682713103,2.221258172,0
-0.850925609,-0.759727812,0.072122883,2.279572743,1.01704146,0.544298714,0.637302588,1
-0.015645702,-1.136847008,-2.174772634,0.518760624,1.142794159,-0.558608613,0.806262665,1
1.341187327,-0.351865294,-0.910001468,3.59061853,0.938523436,0.09384146,-0.400220952,1
2.28939051,-1.708811464,-0.828780567,3.015667814,-3.718843645,-1.36673699,0.254018717,0
-0.01470134,-0.229602073,-1.446877276,0.232657818,-0.477786275,1.299358042,-0.366087423,0
-0.528951909,0.206866393,-0.922494286,0.914874277,1.486190512,0.625603739,-2.137039909,1
2.563247684,-2.872912902,-0.530600222,2.26187328,-1.386298333,4.826221058,1.08475409,1
1.71842717,-1.920208606,-0.108801514,1.29516895,2.473607418,-1.307853629,3.637884115,1
-0.349931235,-2.839368353,-2.335205568,-1.416139351,-0.806733208,3.004328352,-4.720685297,0
-2.025514845,-1.073743514,-0.56538837,-0.321394847,0.454941226,0.248735333,3.669770294,0
0.087577087,-0.274182776,2.016603624,-0.402174733,4.107583543,-3.34677381,3.991479474,1
-1.299468393,-3.504792012,-1.129402004,0.555905383,-2.807550163,1.714630108,-3.846641823,0
-2.362143485,-0.23342443,0.981340025,0.571282283,1.007781655,0.733608538,-0.105291052,1
-2.263612351,2.126844821,-1.563018693,-1.675057199,0.025071265,1.927114045,0.764295402,0
-0.64345762,-0.107456699,-1.04102918,2.152756042,0.592407878,-2.736255131,-1.824904108,1
1.158013134,-1.190359108,-0.897678285,0.749509201,-1.872371005,-0.8293506,-1.752809114,0
-4.786532005,0.524409723,-2.730308426,-0.035859296,-0.071000078,3.453095967,-1.334654393,0
2.139997149,-4.762105051,2.830566284,0.964477839,-0.337347784,3.123964702,-1.466012486,1
4.136379887,-2.058473665,-0.124515713,-2.001654358,4.248299964,0.85035159,4.393658725,1
0.853441808,-0.951263728,-4.7285501,-1.131506246,3.582119835,3.301868246,-0.556703085,0
1.636526645,-0.331392898,-5.286588447,0.624402136,2.179352822,2.365220567,-1.377681864,0
-1.528953268,-2.205766019,2.315552145,1.345569372,3.644528254,-0.297462663,-2.386929328,1
0.693422035,-1.43505133,0.701308156,2.3008216,0.60385951,1.567164684,-0.442167341,1
-0.938766039,-1.198889843,1.447817994,1.595577879,0.337622386,1.499372454,-0.105424932,1
-0.240348537,-2.746882374,0.630764366,1.020847964,0.446134775,2.169370072,-0.494913274,1
0.58065937,-0.23151612,0.326243578,1.838139398,0.002568321,-1.226327009,0.665209153,0
-0.258636257,-0.400312462,-0.175797778,1.446483354,2.514169981,0.437559243,-1.238271661,1
1.791076823,0.230726241,-0.78268227,3.42861403,0.17808332,-1.697414803,1.658262189,1
-0.622360659,0.340328394,-0.474511681,0.017444301,-2.724712723,0.998537873,1.193021804,0
-1.617963795,-0.128345049,-2.155800609,-0.044336239,-0.294270539,0.480510274,-2.702976078,0
2.507582407,-3.544390441,2.909640954,3.740228068,-4.433225912,-3.998858143,-0.88488274,0
-2.684927932,-1.374554151,1.014252339,-0.083819478,1.661636915,2.814118944,-0.765000312,0
-0.426619219,-1.436843963,-0.660813891,-0.560818317,-1.871932248,1.269263936,-1.751339472,0
-1.580284349,-1.469831421,-2.009756274,1.441788998,-0.025480273,2.612828238,0.159467205,0
0.860114522,-2.553857103,-0.137817542,4.25728969,-0.791552681,-2.399829141,-0.069879417,1
-0.865684489,-4.366864964,2.599850387,1.623674175,3.183761269,1.392612319,-1.015782155,1
-3.40903824,0.580091934,2.572799458,-1.432214772,-0.451346022,0.854121569,-3.128879868,1
-3.1784092,-1.02202272,0.753389705,1.323168981,-1.118246862,0.701024097,1.762176077,0
-4.397350002,0.066896439,-1.671907583,0.153639888,-1.314626186,2.336337795,-0.912977459,0
-0.609944389,-0.988635869,2.076575524,0.070695058,1.883389005,0.38200651,-3.52838956,1
-3.563690898,1.545185599,0.670315279,-1.49097396,-0.274674097,-0.064394384,-3.937821417,1
-2.476002145,-0.452070324,0.931480519,1.458111612,0.692759378,0.409611271,0.288334411,1
-1.085904618,-0.871928823,2.302701432,-3.504206381,6.25259219,-3.462378854,2.87351138,1
0.60095618,-1.304680848,0.785337141,1.77135522,1.123839658,1.413786932,2.347861337,1
-2.667137449,-2.424014822,3.665266986,-0.208855461,1.162848742,1.022678472,0.091921632,1
4.485781856,0.014330887,-1.958082211,0.118626901,1.627262955,1.115202118,1.667069825,1
-1.184769258,-0.718003588,-0.893006256,2.181660691,1.306560109,-2.674951846,0.408958685,1
-2.859172833,0.126924531,2.575793523,1.555869911,0.820581706,0.076740622,0.159723075,1
0.51628157,-0.525095941,-1.316112518,1.046405325,-0.24623986,1.168722119,0.122828554,0
2.555090846,-2.591458448,-2.617397357,-0.915404855,2.207459549,-2.606958158,5.478025057,0
-2.334589505,-2.943708903,-3.452627724,0.76239173,4.076462369,6.346445353,0.726775672,0
-2.073596468,-0.61720748,-0.283296192,0.260547199,2.310436497,0.614734636,-0.518849651,0
-1.374118439,-0.800035188,-0.195442178,-0.52167101,4.076586178,-1.973284436,4.348131862,0
0.320942831,-4.124307629,3.894007436,-0.250681805,0.524529624,2.891305877,-0.832732459,1
-0.994740725,-1.21322833,-0.169722489,0.265938031,-0.028320543,-1.782687929,0.220198791,1
1.692262221,0.355875195,-0.766256013,-0.94558728,1.224043621,-0.136728518,2.505367723,1
-1.278617911,-1.91366762,1.640518135,1.512861527,-0.644016073,1.823376317,-0.011438035,1
-0.665620915,-2.231718194,1.319768985,0.581922393,-1.235713678,0.633911223,-1.161427669,0
2.833977558,-1.049036301,-1.728557746,1.694292443,-0.047845243,0.690355194,3.537846194,1
0.703443282,0.058628644,-1.000690556,1.796558513,0.980694347,-1.766927161,1.105737675,1
1.529402886,1.294881014,-1.834103011,0.964646058,-0.176117731,1.585642724,-0.064779143,1
-0.125752474,0.024644668,0.003255809,1.456974463,-0.178901872,2.083774003,-0.131763548,1
0.611621934,-1.654902166,1.465394027,-0.490341336,-1.17929256,3.194306565,0.062116068,1
0.601459823,-3.185504766,-0.186353732,-2.697853413,1.910712757,0.262810317,1.979674831,1
2.812213006,-1.697845913,-0.118127967,2.586678846,-0.564402475,1.576938257,-0.7445219,1
-2.143788308,-2.540612574,-1.00440071,3.067584696,-1.093234675,-0.205554661,-2.948669595,0
1.390972897,-3.280604021,-0.874736404,1.52799777,3.70972063,-1.499698377,2.564238209,1
-2.860756552,-2.706891782,1.453226315,1.492803591,-0.424133646,0.088431591,-2.995325003,0
-1.037962063,-0.10822242,0.629296936,1.424793849,0.333889246,-1.374907117,0.28457265,0
-0.794773893,-0.847274866,-0.124649584,1.625088869,1.606663214,-3.201061303,0.253966087,1
1.697747885,-0.923047698,-3.852588337,0.873744573,-1.923216611,0.652453461,-0.94853192,0
2.999540514,-2.591738008,-2.629812638,3.130850808,3.431410805,-0.905438974,0.653144112,1
-2.086321706,-1.905179871,0.138326637,2.351929577,-0.953284953,1.973830884,-0.268075678,0
-1.006591786,-0.906543371,-3.341985998,-0.521832649,3.32773848,4.398892867,-2.449484525,0
-0.155023844,-1.901167356,2.615143915,1.091245248,1.642629141,0.378677135,-1.705311656,1
1.348680321,-0.733837122,1.389230281,-0.467377313,4.523724218,-2.426100222,3.618673557,1
-0.509274511,-1.61525381,1.423952057,1.600770555,0.676752984,0.98174377,1.03430939,1
0.625605596,-1.200929107,-2.874731627,0.431195818,3.157479239,1.889707544,-0.101481348,0
0.086283871,-1.673569203,1.538388617,1.724465949,0.022025889,1.461255815,0.72019566,1
1.57264625,-0.281615328,-4.380837151,0.305577197,2.274682269,1.059189083,-0.184644788,0
-0.682456707,-1.934766138,1.073410696,1.132809211,-3.393447194,-1.189019316,-1.615105438,0
-0.479883026,-0.079195404,-0.843547042,3.049567607,3.663838119,-0.365698656,-1.473537531,1
-2.447816326,0.824679098,0.143270373,1.478978273,1.810475947,-0.340230463,0.671943146,1
2.539110403,-1.781323994,-0.464490145,2.84389669,4.002744104,-2.228520372,2.360765322,1
3.299296698,-1.794590398,-4.918974016,-1.070932396,2.360581263,0.54473792,-0.587674412,0
3.414941934,-0.60342316,0.665699308,-1.788599548,4.022488353,-0.29982674,3.86888573,1
1.067078354,-2.305829339,-1.756187938,0.38545904,3.635274565,-0.600195052,2.697240797,1
-1.806232668,-0.420821189,0.197473564,3.365793489,-0.443988578,-0.71834724,0.668996327,0
2.279865471,-1.200010688,-1.934805768,1.258309911,2.115293503,-0.555747311,-0.209986622,1
1.738828627,1.450913842,1.738736146,-0.119160495,2.636391437,-2.286510862,4.263594155,1
-0.02014636,0.690641911,-1.930558022,1.778430468,0.024479785,1.926125704,-2.305923979,0
-0.864605535,-0.064787516,-1.066480372,3.133234629,1.142513579,0.685488676,1.349920757,1
-2.751081375,-1.27252164,-1.791478633,1.679505038,-0.714574594,3.845176932,-0.459299267,0
-0.984528198,-2.011152771,0.532581503,0.218816952,1.686125163,0.184331968,2.204141635,0
-0.514507334,0.33049363,-1.419018697,1.166646928,0.231519441,2.111651131,1.03812053,1
-1.931708639,-2.631425807,0.854285562,-0.248150593,-3.760268736,1.551531447,-1.680970102,0
0.856250136,-1.66962641,-4.640012532,-0.459511609,1.987983692,2.786048281,-0.500785638,0
3.136620455,-2.981823783,-2.254804458,1.792371943,0.057672982,0.981282885,0.671129906,1
-4.410059378,-1.437497219,-0.176646249,0.035187203,4.400098082,2.316586147,4.147865892,0
-2.90526036,0.719297403,-1.530015128,1.358065206,3.074980189,0.184260299,-1.629769541,1
-4.805460859,2.313634942,0.755489388,-0.768511423,1.505760167,-1.124245389,-2.428275981,1
-1.129248487,-2.665772074,3.417096388,-0.663709232,-0.793826028,2.9810239,-1.448802504,1
-0.845554468,1.63692121,-1.39745862,0.20748258,-2.826069911,-0.210229378,0.196019372,1
-0.316046993,-2.265646817,2.211007167,1.379265923,1.647788963,0.851511245,-1.460898327,1
-0.480232642,-0.778169235,0.626618524,0.52505647,-0.455262368,2.602259104,-0.045203447,1
-1.544774358,-1.97943997,-0.589284483,1.983524383,1.261104664,4.328764273,-1.098018395,0
-1.612076618,-1.554690219,2.250267144,-0.155060237,-1.435861879,2.38875471,-0.487297287,1
1.24266519,-0.751111876,-0.700876587,-1.034104041,-0.033264225,-0.610697517,-2.121538832,1
-1.326311069,-0.418638058,-0.536039052,1.225143086,-2.131839801,-0.006806405,-0.19729751,0
1.709782759,-1.418567187,-0.866080113,1.208107197,2.080326443,-0.975313198,2.256195514,1
3.050894999,-0.239950825,-4.619169474,-0.507196577,1.611425521,0.707381755,-1.964058807,0
-0.81683573,-1.668458727,-1.354103421,0.472745092,1.822812177,1.508653413,-3.093184992,0
-0.590261086,-0.744093853,-1.957694758,1.096279154,2.137060556,2.189599405,-1.266261118,0
0.383499492,-2.739851049,-1.630604315,0.978460502,1.195135411,-0.949087602,-1.11395109,1
-4.498233887,3.598690425,-0.510057508,-1.404001423,0.995025521,-1.035168565,-4.525029897,1
-1.025592992,1.269553924,-2.598011934,1.071034419,-2.636256139,0.664791491,1.516530547,0
-2.515845863,0.556791587,-0.256970316,1.133642485,1.241172767,0.291943506,-0.359520606,1
1.370642669,0.276336425,-1.152380071,1.415107685,0.310667748,0.712541161,-3.799184056,0
0.599557515,-2.156929712,-0.504306744,2.228544675,-1.122550916,-0.460466896,-1.604760616,0
-2.980468841,-2.408950137,-0.781806478,2.80575129,1.012393879,4.778509976,0.821488579,0
-0.212315829,1.14726346,-0.595280551,2.517219519,0.126837502,-2.30884037,2.589012926,1
0.014502253,-3.911690589,4.235478098,-0.434868544,0.021195236,2.601020476,-1.29448487,1
-0.403559622,-1.563125004,-1.578352241,4.080576129,-0.697546847,-2.415979785,-1.169836168,1
-2.362907172,-0.458136841,1.884846934,2.491170628,0.969093571,-0.194277004,1.921861905,0
-0.981949489,1.055757001,1.823252404,-1.659131671,-1.166564611,-1.587969816,1.954753513,1
0.488245711,-1.705628633,-0.499288906,3.462339191,3.176222707,0.328081517,-1.886004821,1
0.648402541,-0.597957787,-0.348551625,1.205653487,0.685866506,2.032251339,-2.212947993,1
1.244042851,-2.465734534,-3.887529546,2.233804426,-0.618174838,0.838172887,-1.570153891,1
3.968753217,-1.730660517,-5.193295838,1.30957223,1.044069542,2.239637976,-0.844435863,0
-0.373634004,-1.758255448,-3.152849405,2.149092557,-0.387807669,1.893315302,-2.108192127,0
2.285058014,-2.401362129,-1.918880784,0.039509317,2.393542261,-0.085040676,-0.369305737,1
-1.489842526,-1.990071707,1.764041148,0.58046067,2.079105366,0.359361502,-2.150778123,1
-1.99640797,1.145121367,-0.822238626,2.407963638,3.783584355,-1.123365677,-1.519371671,1
-4.346642086,-2.387882507,1.765565328,1.35436781,1.198230947,1.468034153,4.659482955,0
-0.383466464,-0.215160408,0.553263999,0.560120531,-0.870008382,1.628003747,-0.720917908,1
0.604531522,-0.320515662,-1.395845455,1.575964378,0.763871778,1.37086793,-1.743420492,1
0.008339314,-0.258309041,-0.589022384,2.216558601,2.347407105,-0.439727813,-4.797638853,1
-0.906896331,-0.047773852,0.269011332,1.707326055,0.09500717,0.528756689,0.24132956,1
-1.628097854,1.296939726,-0.107772851,0.869939501,3.019096498,0.456299527,0.594901098,0
0.112633012,-1.004231467,-0.924331017,3.033640552,0.189144141,1.914676724,0.837869179,1
0.089707401,-2.249989911,-2.673620318,2.762214054,0.035969561,-0.903596811,-1.456133779,1
-0.106778098,-0.687581448,-0.784122432,3.106323272,0.853382191,2.616048211,1.422806645,1
-1.697843453,-1.791843659,-1.332839748,0.106406444,0.585903916,2.301834988,-2.856913601,0
-2.524939153,-0.30864294,0.436660127,-0.603008147,1.202711651,0.98640871,-2.05390054,1
-5.221850842,1.645177221,0.708299089,-1.650452366,0.972119695,0.444031498,-2.18279681,1
-0.144840976,-1.336007563,-3.617778748,1.803502379,-1.582838342,0.446698087,-1.8810387,1
-0.240053078,0.754883346,1.305806173,0.693562703,-1.642801341,-1.84951927,2.71103408,1
-0.511163804,-1.647558803,2.070183589,-3.127340177,3.447141281,-2.435723268,1.182446876,1
-5.975032091,-0.829742604,5.538864978,2.010827044,1.415674551,-0.997706375,5.416040003,0
0.544928791,-2.950038214,-1.560640284,0.391411712,1.89848019,3.018338969,-3.03673955,0
-0.669438376,-1.856203653,-0.952867409,2.00645513,-0.874477548,1.616616853,-0.747510868,0
-1.615191188,-2.47213566,-0.250066831,1.041213094,0.917951837,-0.45919294,4.940053725,0
-1.011784956,-0.976148361,0.772293969,0.893672658,-1.434231725,-0.775497047,-1.089252346,0
1.226203325,-1.020326396,-1.333379827,3.025561117,-2.504680702,-1.840986463,-0.801434151,0
0.702830698,0.108276114,-0.774066876,1.137390792,-0.746240804,-2.30559006,2.708657416,0
-1.365028778,-1.630329292,2.529225394,-0.638158179,1.155261439,0.672927992,-2.372509423,1
-0.591987065,-2.618652027,-1.073478951,1.114681034,-2.536374537,1.75475805,-1.660639485,0
2.249778955,-2.909620114,0.20515974,2.608040794,-1.7618446,-1.562021251,-1.963420629,0
-2.402892717,-2.019973119,-2.540682943,0.670432423,0.182995281,2.845023369,-3.534843901,0
1.402216543,-4.937309888,2.706025183,2.238135063,1.93797382,2.651331793,0.988540998,1
1.205967132,-0.079763934,1.861867347,1.258832012,1.203465754,-2.904054923,2.423928679,1
-1.622327961,2.266139387,-0.260213124,0.881820456,1.834090041,-1.351047006,2.706358361,0
0.28872339,-3.269042611,1.798890804,1.847310655,0.293245569,3.092944123,2.219890486,1
-3.701798541,3.207895588,-1.811640348,-0.984135799,1.62468603,-1.270178238,-7.010538475,1
1.274575871,-3.517154097,-0.512298651,-0.255967867,2.075337037,-0.466150553,1.550666826,1
-3.200794437,1.613492755,0.498759498,2.181400834,2.592380788,-1.749473011,-1.22320905,1
-0.982356359,0.297004921,2.227891064,0.526645298,0.454336766,-4.182876999,3.905349775,0
-1.528733949,-0.673736027,0.850186696,1.883974442,0.445454357,0.504518875,-1.344693541,1
0.602283588,-2.205630506,-0.261152989,1.954799684,3.788698364,-2.59096555,2.892828747,1
1.520446887,-4.844158767,1.379117119,0.742378935,-1.694521649,-0.529413866,-4.654523919,0
-4.709908013,-2.920319216,1.056933774,1.129261101,2.864308999,4.157493785,3.216363849,0
-0.231493811,-2.663172054,3.445823059,0.790059602,1.081582383,0.964338833,-1.299867748,1
-3.625722015,-1.934084861,1.307547617,0.901511006,2.160761825,0.267633616,4.999895803,0
-0.049213489,0.006223973,-0.564329536,1.539068935,2.351554598,-2.511339401,1.41309275,1
-1.003934111,-2.909208337,-0.503052237,1.649892305,2.448246715,-2.526101324,1.414178188,1
0.549132518,-2.966270367,-0.139809845,-0.24507788,3.867031384,-2.255972748,-0.003109107,1
-3.049346357,0.06711044,1.741481054,0.800206207,1.128095671,-0.948430868,2.747653602,0
-2.499468113,-1.407142734,2.724377518,-1.088259172,0.822548502,1.033765966,-1.609770097,0
-0.768129713,-2.104779279,-0.490160386,2.695262197,1.602198559,1.898814361,-1.414392056,1
-0.016624055,0.380198042,-1.510938372,1.756055388,1.646458161,2.25479157,1.906740297,0
0.712348023,-0.588145258,-3.215423067,1.089867132,0.47536897,0.386937554,0.633750281,1
-4.32795266,-0.870679378,-0.254843673,0.357468703,3.327595177,2.483676106,1.795992671,0
-2.713892507,-0.934109074,0.064536231,1.392949887,0.308389532,1.732371296,0.416518576,0
-1.484154595,0.627531721,-0.425492577,2.032023889,1.535509148,0.821219372,0.933636263,0
1.831239457,-1.393026634,0.370077053,0.658162623,-2.306335634,3.589555687,0.923973334,1
-0.863032499,-0.349711418,-1.16755233,2.901152919,-0.073192536,1.42795157,1.040265446,0
-2.496917867,-0.203405436,0.580432387,3.314877978,-4.182210626,3.550163802,-4.950918747,0
1.093651318,0.901945521,-2.064487785,1.759842406,-1.934364254,0.121866013,0.69013069,1
-3.844133631,-2.729137977,-0.812468412,1.390671377,1.839131553,5.411911289,1.006877454,0
-0.692216552,-1.029835088,-2.47627873,1.525174989,0.123992752,4.055425166,-1.968351619,0
-3.075078731,-1.516497512,-1.668607355,0.17190714,1.103576195,3.378228149,-0.001593958,0
-2.72156418,0.260152568,1.367541828,0.357822364,1.710660498,0.556430966,0.048978998,0
-0.950541723,-0.878032973,-1.381008463,2.264994488,-2.574356228,-1.511089384,-2.005624759,0
-1.640054852,1.4954805,-2.293195436,0.842048698,-0.406974282,2.20522317,2.165079371,0
-0.725181296,-1.447133711,1.840994287,3.086182479,2.229221836,0.555091226,3.040761752,1
-0.435185942,0.4512287,-0.984333349,0.975638058,0.365460402,0.514146469,0.553472889,0
0.137275091,-2.441075309,1.50028869,3.424272664,2.883022136,-4.421569109,2.722973293,1
-2.001123151,1.60274403,-3.244801938,0.584508393,-3.101521977,0.967394403,0.602466039,0
-1.498692203,-0.090428758,0.507253441,1.74377168,0.880201338,0.504152585,0.531038738,1
0.05561578,-2.989310888,0.181923298,1.342116778,-0.003416238,-1.757822966,0.206975851,1
-3.900710623,-1.295270791,-0.882283558,2.53104502,-0.866996586,2.692471885,3.616898168,0
-2.180226255,-1.570609008,-0.855365269,-0.444048362,-0.882006765,3.510034202,-1.176531722,0
-0.201342768,0.579131757,-2.126035342,3.129284882,-4.401848909,-0.552627575,-2.249965831,1
0.23950456,-1.149281489,-1.318802201,0.882540079,-1.253160338,-0.751604427,-0.955725798,1
1.356587075,0.447687407,-1.530451211,0.037369336,-1.506976123,2.684936231,-3.532915159,1
-1.569763886,1.059864965,1.518880096,1.666096276,3.068931353,-1.48035112,2.769458608,0
-2.287735912,-1.827261033,-1.487680672,0.060518219,3.199844886,2.187911184,1.222003358,0
2.616038834,-1.586171214,-4.368294278,-1.085529952,3.358654957,0.595666052,0.895274255,0
1.057962295,0.248017513,-1.842699028,2.497554107,1.083571384,1.18973283,1.702742816,0
1.837040772,-1.358521162,-1.228704369,2.756600486,-0.909358344,0.2839664,0.467697195,0
-2.708543939,-0.979013043,-2.106232861,1.467754573,-1.546060521,0.296080721,-2.589555547,0
-0.729853803,-0.512728565,-2.418846931,3.087692605,-0.29605865,-1.760261092,0.079276104,1
-1.275379374,-2.951184115,-0.478870465,-0.479450114,2.528807773,-0.433067368,4.280580332,0
-1.669595255,0.371046027,2.118793036,1.602820158,-1.358875828,0.272912349,-1.576681863,0
-2.161940963,-0.014473304,0.042407326,1.724669471,2.092702871,-0.768827347,-3.133212644,1
-1.071852907,-1.496799183,-0.303022922,1.425077791,2.18307578,1.532804006,1.433817427,1
0.100569417,0.900246265,2.325549817,-0.766839854,0.071170194,-2.250446879,2.624366428,1
2.187789366,-2.084104854,-3.169612783,-0.281883345,1.766344597,0.284599412,0.722045686,0
-1.23971138,-0.557082072,-3.527555152,-0.015960295,0.242422509,3.014370057,-2.011518699,0
0.237405908,-0.743632082,1.892783174,1.366006813,1.26545143,1.023981506,1.095010268,1
-0.493533401,-0.282383958,0.677017071,1.642501476,-2.889236048,-0.226277913,-2.589271476,0
-0.798666414,-1.249804845,-1.937469648,1.538208658,0.323593495,2.761658179,1.428455306,0
2.186339974,-3.293704363,1.588691737,1.505508212,3.936304874,-3.002240753,2.657543409,1
-2.187286899,0.199457964,0.172749746,2.673958156,-0.012879802,0.333468019,1.882161474,0
2.214505264,-2.424170076,-0.32582553,1.477745734,-3.092265262,-1.368127041,-2.190126509,0
1.520142496,-0.352622763,-3.206467364,1.341719009,0.67556807,0.107093121,-0.945080106,0
-3.083350417,0.628634404,0.350292928,-0.157695515,-0.27841973,1.024364989,-0.671464525,1
-0.051790269,-4.137482472,3.27893514,0.603400163,-0.721707719,2.909604674,0.22351331,1
0.594158538,-0.134960924,-2.031985824,3.026534036,-1.622932814,-0.754999081,0.359640298,1
-2.493141863,-2.4383657,0.709133346,0.462362112,-0.888791201,0.528669242,-3.235766411,0
-1.192530716,0.48112487,0.572513757,2.060100713,-1.456855317,-1.86631651,2.325145985,0
2.17143107,1.444247582,-1.559578052,3.295995846,2.077058905,-1.540429884,3.607232346,1
-2.246350138,-2.298751889,1.713391688,4.439500045,-2.842349316,1.574117276,3.02180759,0
1.915729823,-0.437225779,-1.954513986,2.937397006,-1.998594481,-0.004191505,1.543986894,0
-0.075144754,1.684715494,-3.168469871,1.89236959,0.014954763,1.84105985,-2.570587079,0
-2.23413679,-1.630199822,3.310193206,-0.785073248,1.086112461,0.695695002,-0.981738246,1
-1.30482878,-0.273041385,-0.525761308,1.791983925,1.041625112,0.214153898,-0.731351697,1
0.27853965,-1.715505028,0.121217251,-1.154074758,1.2666774,-0.77657147,1.599796456,1
-2.757155815,0.781496878,3.330263276,0.231805943,3.293237578,-4.661244484,7.404736238,0
1.667931328,-1.690135779,-1.552181673,2.73553303,0.636439789,2.39269715,1.194249236,1
2.127647133,-2.5738768,-1.576992106,0.238847903,3.979118085,-0.103594815,4.91079485,1
1.300293491,-0.519281049,0.430921426,1.241763305,-1.465792203,1.784157992,-0.180916277,1
-0.692935618,-2.237699999,1.850456609,0.406105142,1.278278876,0.688251027,-3.715416136,1
-1.222465825,-1.390363637,-0.848536828,2.346494485,1.522259618,-2.98614991,0.420361836,1
-1.318453152,1.167760312,-2.021884034,3.139989585,-0.589075831,-2.563033422,-1.927133746,1
-1.500364656,-2.547763152,-0.821351497,0.771691541,-1.203177526,1.068332559,-3.257193758,0
0.200807954,-3.190807158,1.081122768,-0.390419053,-1.274967496,4.174762875,-0.884502772,1
-2.055701095,-0.88682165,0.316995082,-0.099158061,2.278045336,0.575159103,0.916157533,0
3.318008046,-4.747398999,2.240393389,3.5499494,-0.146626932,3.265215353,2.577473097,1
2.479637449,-1.367815945,-3.626052616,-1.167496878,3.149349706,0.559765073,0.026872821,0
-2.013018874,-0.580229949,-0.723733479,1.433088428,-0.324114185,-0.390661814,-1.904348537,0
-2.425159961,0.563413967,0.321496544,0.602147515,1.98334138,2.051550788,1.376426937,0
-0.199288647,1.212181889,-0.534498781,-0.411726336,1.231652006,-1.202446122,2.823337043,1
1.903819259,-0.458505471,-0.35203699,-2.088434066,4.748125152,-0.799091855,2.377949333,1
-1.043518559,-2.294857175,1.627337146,2.841330339,3.60052632,0.412298421,-1.205361339,1
-3.341493048,-1.355556544,1.433646684,1.722356677,0.112911807,0.68878842,1.619183695,0
-1.103217436,-1.944868879,2.173498135,0.19277291,0.256211238,1.556441962,-0.684437591,1
-1.021164842,0.662863121,-2.096623265,1.400411799,0.41917634,-1.334075686,1.128191131,1
0.714642276,-1.297769868,-1.45572418,0.596583733,1.396561614,0.488273005,0.688424659,0
0.912156093,-2.007618624,0.214032521,2.446091158,-0.563639379,-1.68269196,1.516106884,1
-0.791566524,-0.472792896,1.087454147,-1.489113488,-1.467248606,3.520586893,2.135494154,1
-1.233413202,0.64103924,0.936459069,-0.551161348,-1.82710165,2.047326882,-0.171433286,1
0.191239473,-2.093555153,-3.272688286,0.607203026,-0.73296279,3.179536372,-2.349616349,0
-2.592618507,-0.264751368,0.600961775,-0.352739735,2.683771227,-0.698221403,2.476740123,0
4.842414285,-2.034349183,1.7371396,-1.651683273,5.288582252,-0.967864853,3.253430006,1
0.516879778,0.693772439,-3.735131776,0.011770748,1.243378455,2.142999321,-2.802288688,0
0.686717834,-3.048826162,-2.887878713,0.651054369,3.670449104,2.871668116,0.257369095,0
0.905833762,-0.751363706,-3.485991924,0.997933312,-1.824294131,4.787430275,-6.547608222,0
0.094281584,1.041114399,-0.610460957,1.28456932,1.107153344,-2.003501488,2.872205132,0
-0.293118007,1.949252549,-0.20401993,-0.640195579,0.024522626,-1.087899732,1.854235285,1
-1.446351236,-1.505439194,0.805553132,0.593896012,1.438263719,1.039642309,-1.931833592,1
-0.129844431,0.404794761,-0.50159161,-0.459808117,2.756893652,-2.082683625,0.243968297,0
-0.287924088,-0.075252157,0.036819636,0.33675982,-0.891504187,1.81420226,-1.684387471,1
2.903089898,-0.748370271,-1.608413979,0.836870723,-0.558576794,0.723190393,0.818821014,1
-2.068321741,-1.7498196,-0.158640096,0.016842928,3.373624938,1.660209087,1.054633563,0
-1.198041096,-2.940122087,-2.197295993,-0.513348868,2.705455446,1.880073391,3.502273108,0
2.115614124,0.452521271,-0.065221943,0.284832621,2.181291605,-1.200661131,3.247621524,1
2.647635514,-2.915323476,-3.768891088,0.956051067,1.538985825,2.483409929,-0.990261265,0
-1.377766738,-1.930203902,1.073826092,0.660535429,1.224800229,0.833628232,-1.998524116,0
0.543335743,-0.662709166,-1.286173818,1.118483167,1.23763731,1.142694301,-0.064020014,0
0.635970265,-2.422350494,2.208336835,2.7198782,1.74755085,1.692315625,1.265160783,1
-1.152540087,-1.72658156,0.108166227,-0.721117082,3.427003943,-0.698614968,5.125138503,0
-2.02135118,0.352765413,-1.487719119,-0.848048142,1.682469651,3.119325307,-0.481364103,0
0.749941848,-2.590200267,-1.227472164,0.322952077,-1.046932605,-0.030210722,2.190636353,0
-3.920566819,-0.313419166,-2.418484332,-1.320245912,-0.681633858,3.743094827,-2.269809075,0
1.004670265,0.086562376,-0.827722199,-0.012644899,-1.335902881,0.171168246,1.186177549,1
-3.006403937,0.571239006,2.293591234,1.479705737,3.25411274,-1.944412544,-2.749218073,1
-0.574591329,1.472058748,-1.905624986,1.872311863,2.034130936,0.118412251,-2.202971097,1
0.600983512,-2.812223245,-0.020155414,-0.377672939,1.553911271,-0.84675209,2.040601557,1
1.703314715,-2.375885235,-2.175297145,-0.052689204,2.660547594,0.049495708,1.581261549,1
-3.13692093,0.2039136,2.312981364,4.400781555,-4.786378547,1.181213418,-1.445193398,0
1.424942177,-1.474669061,-2.159062059,2.88051773,1.153242031,-0.88746316,0.255152887,1
-0.357997563,-1.005693846,-3.196444009,-0.543331418,3.02135306,3.13821902,-2.585610903,0
2.920663662,0.844614718,-1.8284359,1.465325058,1.046771017,-1.798560426,0.254269072,0
-2.929453805,-0.490340884,-2.647112093,-0.96981372,0.022104735,3.243511361,-2.461445782,0
-2.797459587,0.82061823,-0.54792495,-0.860801945,0.2196575,1.289710606,-1.333122234,1
1.800419707,-2.447155549,-0.999294678,0.929978776,0.355335496,-0.050020204,0.812995828,1
-2.824673615,-0.676215564,-2.058004805,-0.024300105,0.70355478,4.537926666,-0.221104798,0
-1.038916701,-0.707595131,-1.943050206,-0.371585947,-1.612993672,2.083837167,-1.375301757,0
-1.432623398,1.027015645,0.200390579,0.03226147,0.953230037,0.432171009,-1.979824612,1
0.536039194,-2.901427756,-0.649095399,0.676679109,-0.099345356,-0.94110431,-0.445385345,1
1.685933654,-4.275657713,-1.59989827,0.998565566,0.641066263,4.526599783,-1.926771608,0
-0.699261344,-1.259739331,3.069935087,-2.222392583,0.453898824,1.664953492,-1.507584962,1
-6.08771509,-2.476738564,0.305402927,1.721601929,1.866072832,5.384143263,2.004807236,0
-2.565115444,0.681125179,-1.382973169,1.984381104,0.581844095,0.518650946,0.358466427,1
-0.218791413,0.009783616,-0.47635898,1.784347401,-4.067288995,-0.532407313,1.750426491,0
